Name,Email ID,Phone Number,Average Time on App (Minutes/Day),Total Purchase from App (Rupees/year),Average Time on Website (Minutes/Day),Total Purchase from Website (Rupees/year),Length of Membership (Year),Yearly Amount Spent (Minutes/year),Total Purchase of each customer (Rupees/year),Ratings given by customer (Out of 5)
Michael Stefenson,mstephenson@fernandez.com,3028039388,21.29783707,4492,11.52695319,6403,4.082620633,6564.958054,10895,4
Hershal Stark,hduke@hotmail.com,9089646263,20.86038173,2077,18.43846007,4675,2.664034182,7859.76836,6752,5
Allen Paul,pallen@yahoo.com,7071678287,25.77835856,6254,17.97303389,1640,4.104543202,8750.278491,7894,3
Rebecca Ganguly,riverarebecca@gmail.com,3343675411,23.383813,3247,16.10107448,8091,3.120178783,7896.977495,11338,3
Stefen Potter,mstephens@davidson-herman.com,3760942236,23.77171503,7708,14.72878508,274,4.446308318,7700.100022,7982,5
Nancy Alvarez,alvareznancy@lucas.biz,8833228176,24.38395508,4529,15.64669459,3830,5.493507201,8006.129933,8359,5
Katherine Fernandez,katherine20@yahoo.com,4193536150,25.10208907,7742,18.30699659,7083,4.685017247,8681.817132,14825,5
Brian Watson,awatkins@yahoo.com,2742689018,25.18035826,6770,17.26422301,3566,4.434273435,8488.916253,10336,4
Vivian Bradley,vchurch@walter-martinez.com,6129567697,22.80041741,9877,12.19262419,574,3.273433578,6998.60832,10451,5
Ben Marvolo Riddle,bonnie69@lin.biz,5904226716,29.62464252,8193,16.532276,3514,3.202806072,9231.383704,11707,5
Andrew Warner,andrew06@peterson.com,8853753594,25.95021271,9452,18.64535492,2248,2.482607771,8919.113525,11700,5
Ryan Warner,ryanwerner@freeman.biz,8519416188,27.60789808,475,17.64804711,8400,3.713209203,9051.189037,8875,4
Nelson Potter,knelson@gmail.com,7918610360,20.85679502,4908,11.03208975,3935,4.046423164,6377.776955,8843,3
Peter Wright,wrightpeter@yahoo.com,8324960249,29.81478111,4812,19.11634093,6283,3.918541839,9786.224407,11095,3
Taylor Stark,taylormason@gmail.com,3588266676,25.09950544,1377,15.03275336,3210,2.494543647,8026.45176,4587,5
Jennifer Stark,jstark@anderson.com,3617346093,23.96529008,8169,13.84136935,9508,3.357846842,7561.331885,17677,3
Jennifer Wright,wjennings@gmail.com,5849106729,24.23814835,6134,18.03541093,9035,3.136132716,8454.711856,15169,5
Rebecca Das,rebecca45@hale-bauer.biz,9643630247,25.09542896,6523,11.85021627,1801,2.420806161,7389.129046,8324,5
Alexandro D'Souza,alejandro75@hotmail.com,1841486834,27.84434558,5853,16.58042879,9177,1.516575581,8884.954873,15030,3
Samuel Tennyson,samuel46@love-west.net,6479249799,21.90400332,5284,16.25074188,7590,4.06454855,7630.949042,12874,3
Megan Fox,megan33@gmail.com,9663889196,23.66496604,937,12.47303749,4015,4.599937358,7227.600705,4952,4
Ryan Leite,agolden@yahoo.com,6781804292,22.58180419,1055,16.60002795,8846,1.55915194,7836.366427,9901,4
Vivian Stafford,vstafford@hotmail.com,9223872428,21.38584459,6362,11.87786247,4801,2.245147787,6652.741412,11163,4
Denis Swan,denise22@hernandez-townsend.com,6242103297,20.59088533,5823,11.20092711,8770,3.919302309,6358.362487,14593,4
Barbara Khatun,youngbarbara@yahoo.com,9952527031,29.97701719,1063,16.95754611,7713,5.705153971,9386.912661,8776,3
William Jobes,william25@mcconnell.com,9905898159,29.4122509,8524,12.32848435,8630,2.721735992,8348.14705,17154,4
Indiana Jones,ijones@schaefer-carr.net,6073848528,22.24757304,5741,13.82571702,7304,4.648199316,7214.658012,13045,3
Heath Ledger,heatherhall@yahoo.com,8737366447,24.07059079,1768,18.47168961,8895,2.996364526,8508.456078,10663,3
Tina Smith,tinasmith@martinez.info,7627865245,28.71281397,8413,11.18599168,3351,3.923488746,7979.76113,11764,3
Jennifer Das,chasejennifer@hotmail.com,9260017334,29.36769533,2409,15.32815576,3956,4.74257752,8939.170219,6365,3
Jennifer Chowdhury,jenniferbarnett@gmail.com,3536104938,20.59238619,9457,14.80430764,3794,3.062368145,7079.338764,13251,3
Justine Bravo,jared39@hotmail.com,3093664718,28.15497545,9267,18.90722477,1530,3.471413452,9412.440046,10797,3
Brian Carlson,briancarlson@page-fleming.com,9642190266,28.78874207,2367,11.35081398,7997,4.343062915,8027.91121,10364,5
Jasmine Bravo,joshuaodom@gmail.com,1396469679,20.86717466,4172,10.71038182,9302,2.820097234,6315.511295,13474,3
Vicky Carlson,vickie90@lee-wilson.com,5491581318,28.21661946,1369,15.0485621,266,4.124585297,8653.036312,1635,4
Dwayne Bravo,duane56@hotmail.com,8571156378,25.70344505,7310,14.02966764,6044,3.649286158,7946.622539,13354,3
Peter Stark,enash@gmail.com,3555045112,25.45883869,3474,15.92937506,5710,1.847370423,8277.64275,9184,3
Sandria Harrison,sandraharrison@bailey-gordon.net,5352326475,24.81830801,7096,12.11885663,2644,3.452388583,7387.432928,9740,5
William Hammison,cunninghamwilliam@hotmail.com,5349741888,20.58951523,6029,11.13414738,1355,4.650491269,6344.732522,7384,5
Teres Allen,teresaallen@hill-leach.info,6665653006,21.72334348,6125,16.37100748,7799,4.222436225,7618.870192,13924,5
Ron Weasley,rhonda96@little.org,1238458977,21.27911122,1939,12.90125916,6258,4.671275461,6836.074076,8197,4
Lisa Hayden,lisacabrera@yahoo.com,2103710770,22.30044652,2695,15.62543142,2248,4.646119977,7585.17559,4943,4
Jason Richardson,jasonrichardson@elliott.com,3805717837,22.22367236,6856,14.59202691,1250,4.214495086,7363.139855,8106,5
Hoover Nicole,hoovernicole@dorsey.net,2591722960,27.31898433,6838,14.8073893,7379,4.64325855,8425.274726,14217,3
Christopher Williams,christopher20@gmail.com,4194705496,29.83952775,6727,10.44519213,951,2.258686387,8056.943977,7678,4
Brian Wilson,brianwilson@yahoo.com,5344901968,29.42482023,8445,12.66249969,5103,3.663105491,8417.463983,13548,3
Kate Middleton,gonzaleskatie@gmail.com,7764489647,20.73617098,3962,15.62010866,1898,3.876875177,7271.255928,5860,5
Louis Smith,lsmith@chung.com,5630459034,21.26573048,3706,19.51686851,2538,4.113226123,8156.519799,6244,5
Donald Garcia,dongarcia@hotmail.com,4315917314,27.61271188,2082,18.47235278,3208,3.202531199,9217.012934,5290,4
Kimberly Tennyson,kimberly46@garcia-nelson.biz,5663615509,29.09188587,5560,18.0971756,3562,3.198399272,9437.812293,9122,4
William Stark,william82@gmail.com,2400883490,26.33854297,8737,13.43620196,6871,5.976768126,7954.948985,15608,4
Brendon McCullam,brenda82@maldonado-gonzalez.net,9005240686,21.93182322,5658,14.3328539,8558,2.952668958,7252.935425,14216,5
Joseph Stark,josephgould@west.info,5900223060,29.45998854,6066,10.84758268,2941,2.094891706,8061.514244,9007,3
Bradd Williams,wbrady@yahoo.com,7748617393,20.01587978,7120,14.79067415,1164,3.855471685,6961.310787,8284,5
Brian Smith,smithtracey@mcgee.com,2343207388,21.7866872,3116,13.02454831,3910,2.87459691,6962.247101,7026,5
Sukanya Mondal,amberchase@fowler.info,6954415603,29.68065218,9075,19.0249086,3638,3.392050489,9741.112156,12713,4
Gregory Holmes,gregoryholmes@hotmail.com,3644726979,22.96270903,1482,16.4691724,746,2.995761183,7886.376286,2228,5
Jeffrey Dawson,jeffreydawson@gmail.com,2222315052,24.02234644,295,14.34176113,6065,3.315224754,7672.821514,6360,4
Robert Jones,rjohns@gmail.com,4296776677,25.74653205,6851,15.37587446,3291,3.471919137,8224.481303,10142,3
John Wright,john85@martin-morgan.com,4534646225,28.99623589,7648,12.31469171,1038,3.970555628,8262.185519,8686,3
Vivian Coleman,vcoleman@yahoo.com,7765799339,20.97955923,6536,19.29070219,8932,4.639320332,8054.052285,15468,4
Arthur Florrison,floresarthur@yahoo.com,3210733736,27.97986251,9247,19.53176293,8251,5.081210092,9502.325087,17498,4
Ryan Harris,ryan36@gmail.com,4822589352,29.62094206,1183,13.72853127,1785,4.802630631,8669.894666,2968,5
Chris Harrison,chris67@ryan.biz,7763746599,23.00812982,9351,18.26215853,7822,3.414688423,8254.057669,17173,5
Katie Diaz,katie25@gmail.com,7345061609,20.96175087,4315,14.26261407,2692,3.462298847,7044.872988,7007,4
Yang Chan,kyang@diaz.org,5736255626,24.03935162,3285,17.30834804,3511,5.377593584,8269.539933,6796,5
Adams Tennyson,tadams@contreras.info,4344566128,25.23034815,1793,13.74837494,8709,4.001786346,7795.744618,10502,5
Craig Petersen,craigcastro@burgess.com,5378683385,22.34306295,1682,12.40144847,9639,3.43959056,6948.902283,11321,5
Allen Roy,ellen24@anthony.com,2923464127,24.61711354,7193,12.23978545,8779,2.779520719,7371.3798,15972,3
Robert Davis,davisrobert@hicks-smith.com,3573345295,29.93876006,8031,12.05741164,5167,3.552649767,8399.234341,13198,4
Peter Walker,walkerlaura@peterson-yates.com,2366093351,21.98666837,2990,12.76272351,3499,2.602287112,6949.878377,6489,3
Mark Wright,marc54@hotmail.com,3659624924,25.8024925,9229,18.0899748,7970,4.694322274,8778.493461,17199,3
Gregory Russell,gregoryrussell@yahoo.com,8494739085,22.47354217,1183,10.75662824,3130,3.401522345,6646.034082,4313,4
Johnny Williams,williamsjohnny@ferguson.info,9068846550,21.54719753,2532,10.51541414,7674,3.8515788,6412.522334,10206,5
Rebecca Hayden,haydenrebecca@gmail.com,5523684236,21.45826927,5693,19.08585618,9065,3.258112883,8108.825091,14758,3
Matthew Langer,langmatthew@hotmail.com,8928952101,28.38164261,3107,13.8778915,122,3.120568915,8451.906821,3229,3
David Harrison,david43@richards.com,5655409785,27.7313526,896,14.12001717,847,2.837943164,8370.273954,1743,5
Sukanya Paul,paulkemp@yahoo.com,5114012027,21.71832406,5569,14.62966286,4956,4.470282584,7269.597383,10525,5
Brian Paul,fbryant@gmail.com,7040974880,26.98747716,1383,10.8420857,3150,4.442054329,7565.912573,4533,3
Frederick Kimberley,kimberlyfrederick@gmail.com,7271469061,28.44975927,7103,18.77011644,3618,3.164943995,9443.975142,10721,4
Sharon Finch,sharon82@saunders.info,2956574526,23.8252887,5930,16.43173601,2503,3.751734552,8051.404943,8433,3
Michael Fisher,fishermichael@ramos.com,2680601751,27.2346689,587,16.17687565,7393,3.159754444,8682.30891,7980,3
Evan Lawson,ilawson@hotmail.com,9075564446,28.1904826,102,14.06705169,3576,4.130562809,8451.506859,3678,3
Daniel Anderson,shafferdaniel@murphy-harris.info,7615956019,27.99294454,5560,11.38931117,9105,1.914089924,7876.451142,14665,5
Steven Anderson,stevenanderson@yahoo.com,7974225015,25.89445617,3657,14.71031424,2724,4.396651901,8120.954082,6381,4
Richard Roy,richard16@boyer-pratt.com,3439922661,28.86218707,2792,16.80948506,3108,5.113319475,9134.334426,5900,5
Young Hunt,hyoung@jones.info,8780799048,29.23113063,2056,14.80104578,7118,2.669941624,8806.435281,9174,3
Erik Johnson,erik46@hotmail.com,4331908751,27.51915902,500,19.84838403,3217,3.366463743,9473.508609,3717,3
Michael Petersen,rojasmichael@wagner-thomas.com,4447074140,20.72834627,5760,18.73425653,8319,4.571213024,7892.520561,14079,3
Justin Langer,lance88@briggs.com,8752011079,25.09484165,3599,13.53999302,4522,3.917451119,7726.966935,8121,3
Anthony Das,anthony09@hotmail.com,2716634690,21.53622116,5046,10.34031564,7662,2.476139051,6375.307361,12708,4
Audrey Johnson,audreyjohnson@rosales.com,1804904382,28.71302603,5474,17.77186964,6301,4.125584363,9296.979135,11775,3
Bartha Jorkins,beth76@yahoo.com,6070262294,26.40405255,1747,16.36097134,5428,3.997255378,8553.004778,7175,3
Larry West,larrywest@davis.com,3830472947,20.47068062,997,17.19986187,7631,1.36267408,7534.108499,8628,5
Ryan Lopez,raylopez@hotmail.com,2086940089,20.8711673,4420,15.81528006,1324,4.193324636,7337.289471,5744,3
Rene Middleton,middletonrenee@gmail.com,2070975621,29.44583054,8130,19.4280474,2011,3.8710034,9774.775589,10141,5
Gregor Richardson,grichardson@ryan.info,9492723985,27.18717141,5222,17.22719943,7659,4.081802695,8882.874169,12881,4
Roger Smith,esmith@gmail.com,3834082625,23.06044689,1331,14.65515243,8133,4.252006106,7543.119864,9464,3
Michael Johnson,michael53@munoz.com,5637826494,23.08352664,1099,17.40033768,9451,3.911708668,8096.772863,10550,3
Jacqueline Fernandez,jacqueline46@mcdonald-smith.biz,4507047192,27.26682334,1531,14.16121063,8289,3.021671822,8285.606794,9820,5
Brian Stark,briannasantana@gmail.com,3295157833,22.74096887,1621,15.90734454,1601,3.184618662,7729.662683,3222,3
Jupiter Stark,mark52@yahoo.com,2717852026,27.91211206,2613,11.2660638,5296,2.877224878,7835.635172,7909,3
Alastair Campbell,acampbell@sanchez-velasquez.info,5906183094,24.37072994,7558,11.82118998,2748,2.586967985,7238.383984,10306,3
Garcia Kumar,qgarcia@williams.com,5265616113,25.21980867,4493,17.75272206,6241,2.969640227,8594.506146,10734,4
Jennifer King,jenniferking@hess.net,7647289435,22.61249917,7281,19.98476953,9138,3.428859904,8519.453739,16419,4
Taylor Das,taylor91@hotmail.com,8895557467,20.41857372,7165,15.96272771,5021,2.926940235,7276.260285,12186,5
Frederick Johnson,afry@ford.biz,7681535476,25.35567929,6494,11.45968106,160,3.781823039,7363.072072,6654,4
Amanda Dean,amandadean@gmail.com,3795123527,25.60695072,6269,14.81359595,9418,3.004742536,8084.109335,15687,3
Brendon Dean,brenda68@hotmail.com,7597958683,22.90399586,7668,17.35613209,8533,3.854473856,8052.025592,16201,3
Baker Dean,bakerdrew@gmail.com,4869758718,26.38792166,7403,19.31039492,6428,3.318822279,9139.663316,13831,3
Connors Lambert,connorlambert@yahoo.com,7677625347,29.46625931,3860,12.00982993,9729,3.361814624,8295.217849,13589,4
Tathagata Basu,tknapp@yahoo.com,5849303641,25.60474553,7153,12.12068313,3082,3.722561173,7545.085733,10235,3
Lisa Garcia,garcialisa@yahoo.com,5741162666,21.44858759,5482,10.96578947,553,3.54354705,6482.875412,6035,4
Joseph Allen,josephallen@hotmail.com,3842118884,22.55226692,6327,13.12605962,5870,2.789461516,7135.665309,12197,3
Harry Lambert,hailey18@yahoo.com,9312221550,29.26401082,4382,14.42370919,1101,5.485976734,8737.544003,5483,4
Winston Campbell,whess@hotmail.com,8067190471,25.79075728,1591,19.79167024,2429,2.594189721,9116.485503,4020,5
Joseph Simson,josesims@hunter.com,3076167473,26.36615914,1521,12.41876862,2968,2.753424169,7756.985553,4489,5
Dwayne Taylor,dtaylor@webb.com,2775264242,22.07462483,9057,15.47927721,960,5.004820577,7510.780409,10017,5
Brian Gonzales,briangonzales@gmail.com,8515202558,29.12340009,4852,17.43704818,4953,3.873337569,9312.089653,9805,4
Xavier Doherty,jared99@yahoo.com,9728895722,28.5645366,207,12.44598179,4489,3.798725319,8202.103678,4696,3
Christiano Lambert,qchristian@martinez-allen.com,8140070946,24.10976884,3495,18.7158308,2144,3.292797663,8565.119928,5639,3
Norbert Garcia,ngarcia@donaldson.info,3202445555,28.31508774,4760,17.90378606,9906,4.716104987,9243.774761,14666,4
Sebastian Castillo,scastillo@hotmail.com,1788196265,21.1603186,2800,18.60591116,435,4.01872661,7953.245952,3235,5
Joseph King,joshua56@garcia.com,9969678896,20.93649169,7486,18.55163429,8695,3.63770128,7897.625195,16181,3
Richard Doherty,richard81@day.org,2637648337,23.79915071,4483,19.85708456,5919,3.834169667,8731.247054,10402,3
Jessica Taylor,jessica97@hotmail.com,4537440340,21.44461218,7000,19.4000465,1166,4.531986607,8168.931737,8166,3
Angela Phillips,angelaphillips@gmail.com,4897510561,22.10894666,5638,11.15399356,7906,4.106055152,6652.588042,13544,5
Donald King,donald67@harrison.com,2109434194,23.65558148,6258,18.37742429,9879,3.218265385,8406.601154,16137,4
Malaika Chowdhury,zmalone@yahoo.com,5189525422,21.18114936,9566,10.81977132,4095,3.283663455,6400.184137,13661,4
Ryan Chowdhury,rlindsey@norris.com,5147520034,26.45312701,5631,18.63911788,6943,2.924020725,9018.448976,12574,3
Lewis Gabrielle,lewisgabrielle@hotmail.com,4721875806,26.12905021,4860,19.65327551,247,3.905250309,9156.465143,5107,3
Kristina Morgan,kristina69@gmail.com,7073482285,20.11276907,2753,11.66655424,7603,4.920318406,6355.864661,10356,3
Christopher Lambert,krista86@norton.net,9719109356,26.74867603,7504,11.77679526,8445,2.473596121,7705.094257,15949,5
Justin Chelsea,chelsea05@hansen.com,5794167960,21.31463599,2813,12.01399782,6552,4.131276648,6665.726762,9365,5
Jennifer Phillips,jill33@allen.com,5867242943,29.46295406,8070,12.23248978,5868,1.767730708,8339.088766,13938,4
Brett Lee,welchashlee@hotmail.com,9191125944,28.12548756,6253,18.08400115,3119,2.724108202,9241.897742,9372,3
Lewis Dawn,dawnlewis@watkins.org,8491748281,26.82663032,617,11.59498132,929,3.89711586,7684.322327,1546,3
Christopher Ashley,ashleychristopher@gmail.com,6252746593,25.06731752,632,19.50005209,391,2.491671541,8913.473921,1023,3
Alexander Chowdhury,acontreras@hotmail.com,8019066976,21.23300456,9153,17.33405468,8084,3.863425442,7713.411847,17237,3
Alvador Dawn,alvaradoadam@jones-thompson.com,4429748144,26.10354377,9830,15.62538555,1209,3.5786339,8345.785864,11039,4
Thomas George,thomasgeorge@gonzalez-grant.com,4399364717,25.92233508,2826,17.85808587,588,3.958892264,8756.08419,3414,4
Christina Ashley,solischristina@gmail.com,4195249227,28.28519423,3844,17.70373121,9886,3.25174177,9197.78509,13730,3
Boone Jackson,jacksonboone@rubio.com,8524564222,23.1203053,1598,17.57297363,5575,3.914384667,8138.655785,7173,3
Kathleane Fernandez,kaitlyn78@chang.com,3101898778,21.77261357,3146,11.53644198,7980,1.443515075,6661.81111,11126,3
George Francis,francisgeorge@thomas.org,2124039225,24.72578017,2770,12.53234434,6385,2.910037917,7451.624902,9155,5
Lisa Hayden,linda90@yoder.org,1733245879,20.54086012,5659,18.80741536,4890,3.345570976,7869.655096,10549,3
David Lopez,david79@lopez-montes.com,8058003400,27.69571618,880,16.82978014,8094,3.089527782,8905.099265,8974,4
Michael Blancard,micheleblanchard@lopez-greene.com,3786816183,26.25096724,7276,13.01970296,6927,4.514122441,7854.13404,14203,3
Merchandise Paul,pmercado@rodriguez.com,2847653393,27.02348933,6065,15.33313958,8966,1.825884669,8471.325783,15031,5
James Potter,james30@carter.biz,9518997717,22.08988421,266,17.91210241,3034,3.993656513,8000.397324,3300,5
Peter Parker,parkerkayla@miles.com,9883739636,21.99256191,9528,15.62363359,2642,2.652158305,7523.2391,12170,4
Alicia Fernandez,alicia85@lee.com,1289325875,27.10393303,6527,13.88831166,9409,6.401228838,8198.448938,15936,3
Jacob Bush,dominguezjacob@hotmail.com,5724179042,21.82266575,9749,16.53243624,1280,5.391275125,7671.020399,11029,4
Evan Brown,ebrown@osborne.com,6726398203,26.73203575,9765,18.72228606,3674,6.076653638,9090.864364,13439,5
Nathan Lion,nathan86@hotmail.com,6170015679,28.7450496,5056,16.86509879,196,3.864860739,9122.029679,5252,4
Aaron Ashley,aaron11@luna.com,7864710166,24.33466696,1135,17.79172688,4010,2.941410754,8425.278767,5145,3
Foster Snow,fsnow@ellis.com,6581922390,28.70307084,3191,12.07337691,1577,5.084861309,8155.289548,4768,3
Aaron Silva,asilva@yahoo.com,7623972705,25.95834367,4629,16.59721421,5291,6.922689335,8511.111576,9920,3
Cassandra Campbell,casey21@johnson.com,2931694497,21.32856201,1901,12.87219616,3636,3.60439856,6840.151634,5537,3
Ross Campbell,campbellross@yahoo.com,6979986251,22.06497158,7460,16.24383538,7031,3.78493211,7661.761392,14491,3
Arthur Levin,blevinseric@stephens.com,4786363890,29.02701273,1028,18.56720393,9288,3.309182328,9518.843332,10316,3
Steven King,stevenking@patterson.com,4668543657,24.86081731,3015,14.96855639,5052,0.968622116,7965.874741,8067,4
Samuel Taylor,samuel94@hotmail.com,3388013556,21.32626109,2929,14.47563512,8853,3.768561963,7160.379242,11782,5
Johnson Paul,johnsonpaul@keller-woodard.org,2899379650,22.72876798,9720,17.51917826,9603,3.585160635,8049.58925,19323,4
Tara Williams,twilliams@gibbs.net,1641838669,25.38776055,5876,18.40387117,9674,4.520353377,8758.326344,15550,5
Fernando Torres,teresapacheco@salinas.biz,7347864902,21.40691632,6067,17.05476227,2813,3.6758488,7692.335719,8880,4
Mike Allison,allison80@carson-hansen.com,9397557782,27.79108094,5477,19.73396148,6303,2.873007509,9505.008486,11780,5
Ryan Turner,turnerryan@hotmail.com,9672615492,29.56209317,4247,10.07306808,2961,4.055775962,7927.03225,7208,3
Eric Walker,walkererica@scott.com,9157163201,26.81666804,9210,13.47078087,8953,3.015175299,8057.489783,18163,5
Mark Taylor,mark94@yahoo.com,6200358951,29.16331183,9439,19.46479351,3603,4.717102513,9725.621068,13042,5
Daniel Codd,daniellecuevas@hotmail.com,1575885657,20.91724845,688,11.35635276,2369,2.926396449,6454.720241,3057,5
George Barnes,gbarnes@gmail.com,4157578336,26.27948218,6784,12.75805226,425,2.361086947,7807.506889,7209,4
Brian Codd,cody68@hotmail.com,6781495250,25.28301456,6501,19.7886129,6143,4.968742674,9014.325492,12644,3
Monica Fischer,fischermonica@gmail.com,3472729120,23.21445962,3230,13.44237223,2241,0.80151572,7331.36637,5471,5
Brendon Torres,brenda25@gmail.com,1578195572,24.8915693,2906,17.58907497,3258,3.669225611,8496.128854,6164,4
David Torres,david58@yahoo.com,3441215601,24.85318477,3723,18.95643959,4505,1.715777167,8761.924873,8228,5
Clifford Torres,clifford76@johnson.com,3575578185,21.97701333,1787,12.29107342,8027,4.773503047,6853.61735,9814,3
Jacquline Hughes,jacquelinehughes@bennett-branch.info,4554196279,24.05162453,9717,13.39671895,2095,4.087837273,7489.668698,11812,4
Victoria Levin,victoria53@hotmail.com,6117946721,28.18448779,3588,11.2627504,6911,4.13175504,7889.447638,10499,5
Kyle Cunninghum,cunninghamkyle@ellis-parker.org,6742423177,28.58778498,2954,18.52583028,2089,3.442799202,9422.72305,5043,5
Joseph Jones,jjones@yahoo.com,2878698070,23.50966773,1568,17.53870271,2821,4.72402744,8209.674088,4389,3
Michael Ferguson,michaelferguson@torres-miles.net,5988759389,28.01595339,8624,12.28128247,9481,3.230973843,8059.447171,18105,3
Derek O'Brian,crawforderik@price.org,7089691453,24.64664912,8215,11.05247867,4104,2.972271382,7139.825558,12319,4
Joseph Lawson,jlawson@mccarthy.com,5953697507,24.38520263,4616,11.06967488,8227,3.182329732,7090.975502,12843,3
Christopher Marsh,marshchristopher@zimmerman-villegas.com,4215452021,24.33641633,8300,10.63374833,4242,4.806349619,6994.032931,12542,3
Nelson Mandela,oolson@collins.com,1705879306,28.39152849,7572,10.3335675,6183,3.620364988,7745.0192,13755,4
Isha Campbell,isaiahcampbell@yahoo.com,9274813598,24.32437864,4708,13.81011725,3938,3.261324745,7626.899178,8646,3
Kathleane Cannon,kcannon@alvarez-cline.info,3103851437,20.67821276,8665,14.27337351,8500,3.597459969,6990.317254,17165,5
Carmen Nielson,nielsencarmen@harrell.net,7855044539,22.31857077,2428,10.45359011,9878,4.789201624,6554.432175,12306,3
Edward Freeman,efreeman@moore.com,3540560870,27.51665202,7392,11.65003965,5933,3.316464745,7833.338334,13325,3
Sarah Khan,roblessarah@hotmail.com,1553242391,25.58431467,2677,11.19183745,6803,4.632460946,7355.230424,9480,4
Christopher Nolan,christopherhaas@gmail.com,6712570405,27.2660995,8413,18.07419039,2527,3.308443001,9068.057977,10940,5
Edward Tennyson,ethomas@yahoo.com,2574749771,23.00148162,5288,17.27827039,1474,4.01598664,8055.950401,6762,4
Evan Weather,wevans@gmail.com,1784397201,24.52634678,3496,17.1862988,6745,4.369366794,8342.529116,10241,4
Patrick Khan,patrickorr@yahoo.com,3472764018,21.51006031,9203,16.05928227,1824,2.566639844,7513.868516,11027,4
Mary Marsh,mary84@edwards.com,1998536753,22.40089289,3502,10.52903915,715,3.519032434,6585.986408,4217,5
William Longbottom,longwilliam@gmail.com,4393215729,29.23670278,6625,12.63253113,4149,1.503854421,8373.846784,10774,3
Lisa Jackson,lisagutierrez@johnson-herring.net,6907058681,20.70738497,1684,18.75650945,2138,5.039955264,7892.778884,3822,5
David Longbottom,david81@hotmail.com,2821124625,21.44396904,3391,18.74194981,7287,4.478712608,8037.18377,10678,4
King Jackson,jacksonking@mccormick.com,3629530195,26.27493765,4259,11.24366413,9748,3.361612985,7503.720355,14007,3
Jessica Khan,jessica04@christian-riley.com,3365093775,24.9002157,2638,19.23578598,152,1.920715478,8827.200335,2790,3
Simmon Khan,simmonsmartin@hardy.com,7883147434,26.64830202,3372,16.60425049,5069,4.330714462,8650.510502,8441,4
Mike Johnson,michellejohnson@sanders-rodriguez.com,4630778129,20.15845167,2950,12.55890099,4825,3.811248171,6543.470531,7775,4
Tailor Hernandez,tylerhernandez@barton.info,4545963840,25.04697662,2475,15.27133119,9766,3.088763958,8063.661562,12241,4
Joseph Connors,connerjoseph@gmail.com,6257572904,27.1442635,1029,16.89162745,9604,4.541695257,8807.17819,10633,5
Joseph Hernandez,jeffrey54@mcdonald-williams.com,2797227231,29.51590571,4506,17.95426303,8078,5.066696864,9494.033748,12584,4
Eva Barma,hevans@kelly-nunez.org,6332240646,23.48740833,1621,14.15724152,9137,3.107468683,7528.929969,10758,4
Lewis Khan,lewiskendra@yahoo.com,4337531861,25.52991762,1271,16.25025222,8339,4.746989703,8356.033968,9610,5
Martin Freeman,freemantina@cannon.org,5021002370,20.76312074,865,14.49153223,7399,3.09182687,7050.930594,8264,3
Brian Wagner,wagnerbrian@hotmail.com,1449729305,25.59029078,4400,11.61160371,7462,3.195625776,7440.378898,11862,4
Ajanta Mendis,melissa08@nelson.com,4352372322,24.33986156,840,16.81160826,1453,3.850279639,8230.293963,2293,3
Karina Smith,karina59@gmail.com,3615503369,24.6129964,5489,10.72744516,1883,3.97452248,7068.088312,7372,3
Brian Connors,baldwinbryan@estrada-silva.biz,4111136419,22.42847575,5491,14.78284547,5693,3.843848921,7442.264243,11184,3
Audrey Freeman,audreyguerrero@carey.com,9620196753,25.84438674,7279,11.85064115,4686,2.90900846,7539.005578,11965,4
Drew Potter,drew29@hotmail.com,7943029818,21.64682176,8527,11.14719762,289,1.139093538,6558.803875,8816,3
Michael Johnson,michael00@yahoo.com,1618271295,22.03823649,987,11.81690631,5470,2.685284836,6771.02856,6457,3
Jennifer Grey,jgray@khan-allen.com,8098190240,26.75995431,481,19.61942008,4435,3.108911449,9275.874878,4916,3
Susan Bush,bushsusan@hotmail.com,7470990358,21.74037421,7280,11.47355753,3258,4.852842407,6642.786348,10538,4
Charlie Harris,charris@gmail.com,5006794042,20.47910955,7501,17.83361271,4856,2.307552421,7662.544452,12357,3
Phillip Madison,longphillip@yahoo.com,1134724685,20.21922009,6794,19.53360827,4768,4.835528667,7950.565673,11562,3
Alexander Madison,madisonalexander@gmail.com,5361347851,24.93255967,2388,11.94328397,3095,3.678589399,7375.168729,5483,3
Mitchel Foster,mfoster@brown-white.com,2201364472,28.45791067,4199,11.04218305,1321,5.254708926,7900.018743,5520,3
Kiara Advani,sanchezkara@hotmail.com,6548370254,23.74892657,1048,13.24248939,1426,3.89289148,7398.283193,2474,5
Flora Bradley,floresbradley@hotmail.com,7530330186,27.69473075,1663,13.8392974,6565,4.389455226,8306.80563,8228,3
Ryan Johnson,lamryan@curtis-garcia.net,1270925205,28.22681269,1484,10.14017543,3713,4.003325039,7673.397625,5197,4
Alexander Foster,alexandra26@summers-davis.com,4508589627,20.2241586,2884,10.29214127,1251,0.789519908,6103.259974,4135,5
Olivander Campbell,ocortez@gmail.com,9051291704,25.96611739,858,14.52088543,174,4.403369831,8097.400564,1032,3
Mitchel Mendis,melinda39@morton.info,8050405587,25.14094532,8176,17.1722919,5415,2.64859677,8462.647443,13591,3
Lisa Foster,lisa94@jackson.com,6502233418,24.55620665,2422,13.92314587,7112,2.367848224,7695.870504,9534,3
Lucas Taylor,lucastaylor@yahoo.com,8576833821,21.41371133,9149,11.18442174,710,3.050712973,6519.626615,9859,4
Park Foster,apark@walsh-obrien.net,2267639924,20.0592713,1196,11.23205155,1344,3.641497162,6258.26457,2540,5
Maria Mendis,dominguezmaria@gmail.com,6466940523,27.16913979,8216,12.75742645,3645,3.397363093,7985.313249,11861,5
Jimmy Taylor,jimmy11@hardin.com,4622706115,23.13315375,7315,18.92357706,9310,4.297686524,8411.346162,16625,5
Patricia Jackson,patriciajackson@jenkins.info,8576341380,22.68316035,5756,19.58102741,7631,3.803364999,8452.837553,13387,5
Van D'Cock,rayvanessa@fischer.com,4252760767,23.73431524,3491,16.77950699,6654,2.633419989,8102.764447,10145,3
Harrison Ghosh,gharrison@davis.com,6351265524,21.73531266,864,11.185483,4190,3.634093727,6584.159132,5054,5
Alexander Ghosh,alexandermichael@hotmail.com,4645606274,22.62327085,4249,18.68230552,6137,3.467014066,8261.115274,10386,3
Christopher Foster,christopher66@hotmail.com,3334821562,22.44402995,445,10.88257151,528,1.494310895,6665.320292,973,4
Emily Archer,archeremily@baldwin.com,4737944210,22.80318284,1825,16.45404212,412,2.267251114,7851.444992,2237,3
Steven Foster,hornesteven@gmail.com,2868109209,26.76438834,8769,18.89181559,6992,5.023934201,9131.240786,15761,4
William Taylor,william28@gmail.com,9162436218,29.07789007,6849,16.99738813,9102,2.47175067,9215.055641,15951,4
Karina Archer,karenosborne@yahoo.com,2122921029,27.99897373,2999,11.59408388,4756,4.297737482,7918.611523,7755,4
Jackie Chan,chansen@holt.com,9550490762,25.610985,392,16.83996535,1122,2.436958876,8490.190071,1514,3
Thomas Archer,hallthomas@lane.com,4071140276,23.85524407,2977,14.08766603,2723,3.656983927,7588.582019,5700,3
Kimberley Taylor,taylorkimberly@yahoo.com,9773297557,21.76960082,3286,10.0677693,6688,5.000243361,6367.474025,9974,5
Michael Chan,clester@yahoo.com,8014534837,21.14941774,480,17.38748377,2035,2.412830961,7707.380303,2515,5
Venus Hickman,pvega@hotmail.com,8890324591,24.02824118,7321,12.5515696,278,5.314354141,7315.962157,7599,4
Martin Archer,vmartin@yahoo.com,9810563663,21.02758562,2063,13.18156058,4173,4.077775098,6841.82924,6236,4
Andrew Perez,andreperez@hotmail.com,9636853578,24.40493125,7694,12.20065718,9083,3.275070681,7321.117686,16777,4
Anna Taylor,anntaylor@hotmail.com,1515555753,28.52422962,719,18.28343815,546,3.634996006,9361.533555,1265,4
Elizabeth Hickman,hickmanelizabeth@yahoo.com,7145816232,24.17202185,6545,17.85250742,589,3.982471513,8404.905854,7134,3
John Hall,halljohn@yahoo.com,9638600617,23.03632264,3891,10.65654567,7396,3.287701824,6738.573661,11287,3
Jean Archer,cohensean@yahoo.com,4083003667,21.08545242,5610,12.43100266,1237,2.313349885,6703.291015,6847,5
Martin Archer,jmartinez@anderson.org,1501164844,23.39984118,3683,12.02557931,8868,3.557813698,7085.084099,12551,3
Bradd Pit,cbrady@gonzalez-miller.com,6453693013,27.73941144,7748,16.53190291,9507,3.350279288,8854.262871,17255,4
Kevin Paul,pkline@hotmail.com,1782157299,25.78539837,3404,17.61231316,5852,2.907094935,8679.542307,9256,3
Martha Foster,martha91@garrison.net,7783893761,29.8306486,3567,15.53626019,6537,3.792711955,9073.381759,10104,5
Ezabella Leite,maureenlopez@gmail.com,4571361003,21.33295365,7568,19.89606483,6509,4.029453828,8245.803696,14077,3
Andrew Russell,russellbaldwin@ferrell.info,1379242178,27.19469903,5052,16.82321909,8899,4.978475793,8803.583623,13951,4
Amanda Hickman,amandastanley@yahoo.com,7768030833,28.17207973,4369,18.61767236,8205,2.699562055,9357.950419,12574,4
George Taylor,george02@hotmail.com,9927434112,26.66965705,3124,17.75398248,7331,3.930615327,8884.727905,10455,5
Serena Williams,swilliams@ball-arroyo.com,2656555180,26.11094275,1305,14.0551867,9838,3.456233824,8033.225888,11143,5
Joseph Taylor,taylorjared@foster.net,3791088027,20.75384031,2807,17.01348909,768,2.18201697,7553.465879,3575,4
Keth Taylor,keith13@yahoo.com,5056100344,27.84217263,4695,18.09836897,6454,2.709526627,9188.108321,11149,5
Denis Middleton,schmidtdenise@hotmail.com,8700988648,21.98080024,1343,16.7928563,9539,4.594116865,7754.731309,10882,4
Jasmine Taylor,jasmin20@salas.com,8227983908,26.34054005,6135,12.36871829,5062,4.25698329,7741.851668,11197,3
Christopher Morrison,christophermorrison@mcguire-carter.biz,6934327015,28.27776149,4963,10.15549999,3036,3.784273087,7686.652295,7999,5
Mandita Dev,deborah51@yahoo.com,4408942655,28.54489601,6605,11.45719614,4728,1.623419609,8000.418431,11333,4
Milan Das,melindahartman@gmail.com,5172943967,27.33271029,2762,11.30610755,4485,3.41450624,7727.763568,7247,4
Stefen Taylor,sharper@yahoo.com,1199544366,28.21290333,6423,10.14910514,2559,3.606086889,7672.401693,8982,4
Jessica Taylor,jessicabrewer@simmons.net,4016003347,29.60971784,9899,12.97699216,183,3.275733705,8517.341999,10082,3
Joy Dasgupta,beckycarson@jones-brown.biz,2071630551,25.56121422,3268,13.41457784,5398,5.007271987,7795.158413,8666,4
Jennifer Lopez,jennifer24@hotmail.com,3787564029,26.56104613,8481,17.46905431,603,3.371258113,8806.020089,9084,4
Jennifer Middleton,jeremy00@yahoo.com,9165513951,23.93739628,5101,15.35203773,8268,5.453969475,7857.886802,13369,3
Juan Doherty,wellsjuan@schroeder.com,1925267195,23.43789107,3719,14.74068757,9437,3.755869389,7635.715729,13156,5
Stewart Williamson,gregorystewart@hotmail.com,7659310812,24.92706873,4879,11.80543517,4876,4.664258497,7346.50078,9755,5
Tom Jones,tammyjones@griffin.com,8694051191,21.09599642,7205,13.59624835,7430,3.806670949,6938.448955,14635,3
David Johnson,djohnson@hotmail.com,1431950903,25.4202316,5691,11.80151324,1041,5.049927475,7444.348968,6732,5
Kenneth Potter,kenneth27@smith.com,4103204299,21.01960015,4857,14.05796005,7492,2.871947536,7015.512041,12349,5
Johnathan Trott,johnathan33@yahoo.com,5871436543,26.7524857,6717,17.54714136,3595,3.236732814,8859.925412,10312,3
Jacob Dasgupta,carrillojacob@perry-larsen.com,7206381505,20.99691011,1520,14.93152075,626,3.086337272,7185.686172,2146,5
Elizabeth Green,greenelizabeth@edwards.com,1262607859,20.63652025,2286,18.02008495,2473,4.559699083,7731.32104,4759,5
Denis Ritchie,denisemorrow@johnson-james.net,8652435952,24.17372435,4819,17.36212483,7292,3.010209778,8307.169836,12111,3
Phillips Dasgupta,wandaphillips@leonard.com,3743984336,23.96131553,3049,17.0599038,7777,1.809229592,8204.243866,10826,5
Jack Sparrow,zachary94@gmail.com,2650673473,26.42989089,877,13.81651249,2866,3.5942951,8049.280676,3743,3
Pravin Powell,ppowell@gmail.com,3046091610,28.06311406,3166,16.1333819,8489,3.049195744,8839.299191,11655,5
Brian Hill,bhill@pierce-kane.info,1986412877,27.00911155,6876,14.62931864,8225,3.634340224,8327.686038,15101,3
Mathew Hayden,matthewgraves@mills-shaffer.com,4876798959,21.78731309,1631,16.19023802,9715,1.482359644,7595.510223,11346,3
Nathan Jones,nwagner@yahoo.com,2929512281,25.61203666,229,16.36363567,894,2.921350141,8395.134466,1123,5
James Faulkner,jamesfaulkner@hoffman-wolfe.org,9183421224,25.04081476,1118,19.14389591,8477,1.810079876,8836.942136,9595,4
Phillip Jones,phillipscarrie@gmail.com,6904997165,26.5470815,4694,16.95215954,1168,3.373104674,8699.848209,5862,3
Samantha Ruth Prabhu,samantha84@cortez.com,6963159312,21.26781882,268,11.14080513,8613,2.214797519,6481.724791,8881,4
Edward Kingston,edward29@knapp.com,2449404992,20.01965191,8403,13.05730053,534,5.454463278,6615.390488,8937,4
Hannah Gilbert,hannahgilbert@gmail.com,7743430463,22.63443398,9180,14.49221917,1466,3.201801722,7425.330629,10646,4
Ivan Dey,lschroeder@gmail.com,3834547706,29.53856123,4223,18.99919287,6239,4.729484542,9707.55082,10462,4
Thomas Jones,thomaswendy@yahoo.com,2573461164,28.01430216,3674,15.05261563,4658,3.205529765,8613.383559,8332,4
Kathleane Dey,fuenteskathryn@schmidt-johnson.org,9042111165,26.46755651,4144,10.97622698,9746,3.802511439,7488.756697,13890,5
Pravin Mendis,melissa08@rowe.net,1173041282,20.00896596,5487,13.88647402,9304,4.116340467,6779.087995,14791,5
Smith Bradley,bradleysmith@barber.com,7943274392,21.84461935,1140,14.37132905,273,5.462500764,7243.189679,1413,4
Robert Morgan,morganorozco@hotmail.com,8687009399,25.16515615,6625,18.69045369,282,1.481616627,8771.121969,6907,4
Hannah Montana,johnsonhannah@gmail.com,6756098366,27.01890148,4518,13.9750297,1849,3.771420132,8198.786235,6367,3
Xavier Kingston,javier02@landry.net,4683059054,29.75187577,7439,16.08278462,5390,2.898299578,9166.932078,12829,5
Madonna Gilbert,lmalone@gmail.com,7885636198,29.94548855,2762,16.64618097,8202,3.569046516,9318.333905,10964,3
Brendon McCullam,brandon77@richardson.com,1235553627,24.8943939,3975,16.25068933,3587,1.084585303,8229.016646,7562,4
Milton Bhatt,bhamilton@shaw.biz,7652529430,23.05106821,5699,12.19495046,6377,3.023474446,7049.203735,12076,3
Robinson Crusoe,randyrobinson@hotmail.com,1880314815,26.87036251,7207,19.8260877,809,5.566384892,9339.29004,8016,3
Eliana D'Cruz,ecruz@yahoo.com,2342067410,28.39696502,7901,14.90362719,8219,2.39516813,8660.118442,16120,4
Danielle Wright,wrightdanielle@gmail.com,7058045886,29.63769903,5269,10.78305963,4253,3.504833486,8084.151732,9522,5
Danny Dean,deandanny@yahoo.com,3443451359,27.79304801,5462,11.59142665,922,5.226687713,7876.894933,6384,3
David Blair,dblair@gmail.com,1318604250,23.48132682,3302,12.03570692,8487,1.838210702,7103.406749,11789,5
Veronica Wright,veronicapruitt@hotmail.com,1263103376,27.75583508,6461,12.41700396,1092,3.363411394,8034.567809,7553,4
Davis Kingston,davischristina@hotmail.com,7856032151,23.86645813,6901,13.73380205,6188,2.957448757,7520.052037,13089,3
Douglas Wright,douglasdunlap@boone-rose.com,6076041309,27.01803981,1570,15.43475165,3195,2.083814192,8490.558292,4765,4
David Gilbert,david28@wallace-hill.org,2495815352,23.68743743,295,15.91440487,1709,3.680847338,7920.36846,2004,5
William Moore,williammoore@rose.com,5068881277,22.23236578,4248,11.30345821,8281,4.693732058,6707.164798,12529,3
Angela Bhatt,angela25@walker.com,1581221413,22.06866372,7143,15.04817013,3447,4.008352235,7423.366769,10590,4
Alice Montana,arice@reynolds.info,3293819288,22.86684989,7621,12.77861448,9887,2.532044062,7129.092874,17508,5
Adam Gilchriest,adam75@gmail.com,3074625918,28.01967096,2904,10.76620323,8508,2.87098691,7757.174837,11412,3
Charles Blair,charlesgutierrez@hotmail.com,8201408192,28.73531031,4945,13.90886556,1894,3.515688256,8528.835175,6839,5
Andrew Blair,codyandrews@hotmail.com,5621447992,29.46836124,6758,13.80165924,8549,4.069916619,8654.004096,15307,4
Nancy Montana,wheelernancy@hernandez.com,7261186959,26.3674416,8378,19.87017017,1316,1.200483857,9247.522354,9694,4
Drew Ruth Prabhu,drew27@ryan-thompson.com,6902027745,27.78837031,4130,12.20141498,1710,3.229450904,7997.957059,5840,5
Suzan Wright,suzanne63@gmail.com,5933164372,22.14589973,5889,10.52688896,7220,4.086566338,6534.557739,13109,3
Mitchell Scott,mitchellscott@gmail.com,6380628300,21.82158401,8412,14.96905632,4546,4.019470352,7358.128067,12958,4
Sandipan Chowdhury,laurajimenez@gmail.com,8192280686,22.22382933,7725,15.5554202,1357,4.20590389,7555.849905,9082,5
Heath Roger,rogersheather@hamilton-jensen.org,3338089847,29.54850411,510,10.14256883,3446,2.018194629,7938.214588,3956,3
Eva Kingston,ievans@hotmail.com,6653388320,24.84510679,181,15.83642419,5177,4.243812817,8136.306195,5358,3
Veronica Johnson,john85@rodriguez.info,5090921846,27.01276814,9765,13.03766894,7021,4.626075292,8010.087415,16786,5
Mark Phillips,phillipsmark@byrd.net,6739348180,28.06242497,9620,15.02432885,9888,3.002957023,8617.350764,19508,5
Elizabeth Swan,elizabeth61@berg-braun.com,5816447154,20.44678805,9843,18.44484785,8600,1.823595183,7778.327179,18443,5
Davis Tennyson,dbenson@simpson.net,9000542046,26.95116918,5602,17.82676318,8890,4.078308002,8955.586472,14492,5
Stephan Stevenson,stephaniehill@hotmail.com,8387146875,21.54137,8497,13.30039173,8439,3.689916615,6968.352347,16936,3
Brian Davis,davisbriana@gmail.com,3151234288,27.4867644,7157,14.17300046,218,2.190132185,8331.952971,7375,5
Katrina D'Cruz,kday@gmail.com,8761368989,25.27466393,5275,10.75083084,9624,3.206756698,7205.098954,14899,3
Jonathan Connors,jonathanconner@morales.biz,6214891728,28.23266491,8314,13.73241778,4188,1.977007128,8393.016538,12502,4
Anna Hathaway,anneingram@miller-alexander.com,3159524717,21.93270602,5017,16.51097618,7382,3.349245383,7688.73644,12399,3
Joseph Leopard,jeffery48@mcguire.com,2669802742,24.30629739,3354,19.83805766,5609,3.53286158,8828.87101,8963,4
Mitchell Johnson,theresamitchell@martin-chambers.biz,9700329777,24.72679599,5391,10.06706775,9290,2.974736815,6958.772748,14681,5
Christian Wade,christianwade@butler.info,1689906852,22.70911312,900,10.403398,9435,2.61816531,6622.502224,10335,5
Tina Campbell,tina16@santiago.com,9943238333,24.30657483,6995,12.70127537,4833,2.804013693,7401.57004,11828,3
Alicia Vance,vancealicia@hotmail.com,2713967662,20.56950138,1895,15.58757253,4180,2.964497876,7231.414783,6075,5
David Bell,dbell@hotmail.com,3523627969,23.20817359,8901,18.38270293,2312,4.350887844,8318.175304,11213,4
Pamela Bell,pamelahampton@martin-cobb.com,9680971879,25.03673468,1652,15.57298095,9415,3.872432042,8121.943125,11067,5
Mark Bond,mark81@wagner.com,9844625099,29.59473503,1063,17.35175006,6241,4.615426307,9389.297018,7304,3
Ashley Warner,awerner@manning.com,5558678560,29.6260191,4934,14.93023054,1252,2.727209454,8911.249928,6186,5
Robert Ramirez,robertramirez@kaiser.com,6102654088,29.02298594,9628,19.75829609,6494,3.53712388,9756.256405,16122,4
Justin Beiber,justin26@gmail.com,8795513395,22.89103282,476,11.50901017,5700,3.12650949,6880.008597,6176,4
Douglas Doherty,douglas95@yahoo.com,2694771213,26.86322041,9123,16.54467398,614,5.137816746,8681.578878,9737,3
Quiver Doherty,qmorse@yahoo.com,5314150974,25.41732142,3171,16.52007079,7040,3.128638856,8387.478442,10211,4
Jason Garner,jason50@bates.net,4911042753,22.28470213,5877,14.82787979,207,3.178952405,7422.516383,6084,5
Isaac Newton,qeaton@savage.com,1322768732,29.29300444,8851,18.05607487,2514,3.827375915,9469.815863,11365,3
Luna Lovegood,tluna@hotmail.com,5611850093,27.81824221,1116,14.7076274,2414,4.808320373,8505.173921,3530,3
Kaya Jones,kara33@gmail.com,8062449804,23.33629375,8455,18.4755085,6345,4.048510087,8362.360451,14800,5
Thomas Wilson,thomas22@yahoo.com,8177544096,26.28781002,5881,10.54469581,8347,4.543332413,7366.501165,14228,4
David Wilson,david47@hotmail.com,2889138165,22.30320727,8925,14.00103373,3096,3.481062133,7260.848199,12021,4
Joseph Beasley,beasleyjoseph@hotmail.com,2827280384,26.49207116,9228,14.78092511,2506,2.627624971,8254.599254,11734,3
Daniel Hoffman,hoffmandaniel@yahoo.com,8198970653,25.95230482,782,16.15051571,4522,4.794312263,8420.564105,5304,4
Justin Garner,garnerjustin@king.com,2167685071,25.95579462,1522,11.03841619,967,2.761861926,7398.842163,2489,5
Francis Johnson,francesjohnson@lee.com,2216195387,24.22478214,3189,15.90624076,2702,2.159676023,8026.204578,5891,5
Alex Wood,awu@robinson.org,4721303104,29.10672364,3641,19.88995961,6655,4.195614413,9799.33665,10296,5
Evan Doherty,xevans@hotmail.com,3602952965,27.39862019,8534,16.95486126,1804,2.139403004,8870.696291,10338,4
Laura Wilson,lauriewilson@jackson.com,9950149007,27.32018585,3076,17.20882893,2563,3.434559723,8905.802955,5639,3
Harry Cruiz,cruiz@yahoo.com,2029569330,28.95394565,554,18.39888691,2971,2.868428182,9470.566512,3525,4
Tom Doherty,tammy12@gmail.com,8430516903,29.83673546,658,16.50817844,5408,3.137068975,9268.982781,6066,3
Adam Perkins,adamperkins@terrell.com,6136706401,23.44036722,4788,13.64500191,4203,3.525806412,7417.073827,8991,4
William Doherty,willie26@johnson-howard.com,2189455316,29.82879716,5896,14.31316632,1591,5.038107494,8828.392696,7487,3
Yuvraj Vaughn,yvaughn@meyer.com,3402711353,23.24890739,1537,18.76945589,5825,3.612239152,8403.672657,7362,5
Carrol Singh,carolfarley@gmail.com,6814770851,26.50745491,3033,16.38992533,5454,2.895075163,8579.476048,8487,4
Ryan Honda,rhonda01@gmail.com,3059867033,29.31602031,2526,16.98458599,4243,5.705940717,9260.12126,6769,4
David Khan,david80@knight.com,5362554853,23.60233039,4071,16.8274622,2242,5.047022551,8085.958519,6313,5
Aaron Stark,aaron04@yahoo.com,5206731717,28.60751798,891,13.58158227,2651,4.778973636,8437.82005,3542,4
Kimberley Khan,kaylahenderson@hotmail.com,3709663464,20.77065679,3755,18.15824576,2821,2.966558885,7785.78051,6576,4
Mike Holt,mholt@hotmail.com,2119591780,21.91430272,7732,10.6682717,2888,2.668919773,6516.514884,10620,4
Tania Potter,tanya20@gmail.com,4740701370,24.89347791,4895,14.31107604,258,3.620354589,7840.91079,5153,4
Aaron Potter,aaron89@gmail.com,8854370611,20.91561517,4554,13.48237068,1366,4.238296188,6879.597171,5920,5
Lucas Hunter,hunterlucas@gmail.com,9174734665,28.74062325,2625,17.62969944,5496,2.479339823,9274.064537,8121,5
Steven Blake,sfarley@jones.com,7462477279,28.08473508,4747,15.83225494,858,3.506967574,8783.398004,5605,3
Sarah Ali,sarahtran@dixon.com,7735478797,24.95348651,2461,13.86142505,7599,3.310150347,7762.982312,10060,3
Randy White,randywhite@armstrong.biz,9496177878,25.31208361,4293,16.84941718,2641,3.535802468,8432.300159,6934,4
Tom Smith,tsmith@yahoo.com,5213852755,21.6710207,466,17.82653576,8930,1.13047696,7899.511291,9396,5
Martina Simson,martinezleah@carter.com,2198074940,21.04669042,5278,12.45568275,6295,3.228717686,6700.474635,11573,5
Steven Simson,steven00@combs.com,9670081604,28.17157469,6504,12.33101778,8924,3.345922321,8100.518493,15428,4
Kent Blake,blakekent@smith-pena.com,2544088942,20.08779125,4243,13.1414017,7959,3.215666827,6645.838589,12202,3
Amanda Smith,amanda03@yahoo.com,2070314666,28.49232022,6850,18.7970585,6057,3.790552137,9457.875743,12907,3
Brandon Smith,brandonsmith@yahoo.com,7768120266,28.34525944,1756,15.54359961,5446,3.561215271,8777.771811,7202,4
Thomas Hardy,thardy@perry.com,4279825031,25.16924555,1801,11.68366378,5564,2.931619535,7370.581866,7365,3
Michael White,michael86@yahoo.com,5531327391,23.61151957,4633,17.49735171,5576,3.046540621,8221.774256,10209,5
Urban Lee,ulee@wells.com,2355301719,21.62882883,1157,18.30032913,2507,2.739200467,7985.831592,3664,4
Judith Smith,judithsmith@jimenez.biz,8855745196,24.72190044,4270,15.14909958,2942,2.783963128,7974.200005,7212,3
Norbert Black,nblack@smith-romero.biz,9148694331,26.55817547,3697,13.20807554,3420,4.330407444,7953.250203,7117,5
Michael Campbell,michaelcampbell@yahoo.com,7286171473,28.11241891,7678,17.03010604,4705,3.416209978,9028.50499,12383,4
Robert Carter,rcarter@crane-thompson.org,3845570529,21.78444859,2353,10.05160943,2079,3.336339382,6367.211604,4432,4
David White,dwhite@gmail.com,7240225307,27.06747177,1201,10.80997084,8623,4.662845304,7575.488522,9824,5
Michael Vance,vancemichelle@gmail.com,1632289329,21.60962433,8627,17.34393783,7366,3.222080767,7790.712431,15993,3
Kyle Potter,kylemelendez@hotmail.com,3825330655,21.53820892,7786,13.73744297,6696,3.772969025,7055.130377,14482,4
Richard Stark,richard35@hale-duncan.net,9856023887,26.51668429,176,17.88650216,6339,3.42014953,8880.63729,6515,4
Karen Walton,waltonkaren@gmail.com,7439816480,27.77759018,1943,17.59610226,4335,6.115198946,9074.738488,6278,5
Stiffany Abraham,contrerastiffany@gmail.com,8688040315,22.92622609,3701,13.810691,2550,3.488029991,7347.383417,6251,3
Roger Stiffany,rogerstiffany@wilson-horne.com,8217354692,20.04609051,4892,18.51494145,8000,4.082855279,7712.206392,12892,4
Charles Walter,waltercharles@sanders.net,7242164734,29.38089631,8946,11.050298,2357,2.829699575,8086.238862,11303,5
John Dey,john96@chan-anderson.biz,4378553923,22.71818191,5602,14.4269486,7636,5.405406467,7429.026101,13238,4
Sharon Bush,bushsharon@barber.com,2164433302,26.40519807,3818,12.32930359,5530,3.45175071,7746.900331,9348,5
Nicole Stevenson,nicolegay@jennings.com,1531334706,29.53812725,218,14.8855438,7818,2.935577274,8884.73421,8036,5
Richard Chambers,rchambers@hotmail.com,2573443863,22.24285798,3060,19.83656887,8055,4.750360071,8415.885371,11115,4
Alicia Gomez,gomezalicia@hotmail.com,8963384400,29.94768494,5534,17.67728717,7820,3.531402303,9524.994421,13354,3
Kenneth Potter,potterkenneth@strickland.com,8980559105,20.53541658,8912,10.68457615,282,3.90447938,6243.998545,9194,5
Charles Jackson,charlesjackson@brady-fuller.net,1707314874,24.71981079,426,13.42633773,5532,2.39907979,7629.229703,5958,5
Jacqueline West,jacquelinewest@pace-herrera.com,3637702249,24.40376672,260,11.90299246,6920,2.847709026,7261.351837,7180,3
Steven Johnson,stevenjohnson@yahoo.com,5387106533,21.88579265,2425,18.41596436,9302,3.781703565,8060.351401,11727,5
Chelsea Johnson,johnsonchelsea@gmail.com,2051661218,26.0261912,8312,19.93272741,9030,4.349778419,9191.783721,17342,4
Jennifer Jenkins,jenniferjenkins@jones.com,3903024085,25.37682953,9577,15.72800158,5412,4.574287716,8220.966223,14989,3
Elizabeth Butler,ebutler@rogers-gonzalez.com,9294694212,27.65220132,4269,13.5865076,858,4.620416385,8247.741783,5127,4
Lucas Allen,ellenlucas@cox.org,6101270339,20.93955408,6808,14.73146887,407,3.0130325,7134.20459,7215,4
Elizabeth Swan,elizabethnunez@vasquez-nelson.net,8263139868,29.76678521,9465,13.80702928,8067,4.791108745,8714.762898,17532,4
Jacob Ramirez,ramirezjacob@turner.com,6065008707,23.75897042,3763,15.85756408,211,4.334001444,7923.3069,3974,5
Brian Ramirez,brian51@cook.info,2698036617,20.23526002,6519,10.77827808,1337,1.428823877,6202.707618,7856,5
Victoria Johnson,victoriajohnson@gmail.com,3540788393,28.40631125,9723,12.80613751,5618,4.137000388,8242.489753,15341,5
Lawrence Walton,lawrencewalton@hotmail.com,6533790613,21.2297773,2311,17.91320698,3084,2.910530822,7828.596857,5395,4
Ashley Moore,ashleymoreno@gmail.com,1286112547,20.63938488,1082,15.8631761,7369,3.982462319,7300.512197,8451,4
Wesley Vance,wesleyvance@moore.com,7476097987,25.68275049,4804,10.88639783,8106,3.701229217,7313.829663,12910,5
Edward Brown,edwardbrown@yahoo.com,2412530793,29.8329264,2801,18.05667596,1390,5.840505876,9577.920472,4191,4
Allen Das,youngellen@hotmail.com,1440720911,21.42925033,3197,18.52935672,4181,4.560396067,7991.721408,7378,5
Robin Petersen,robin80@yahoo.com,4059097713,25.73041356,9935,13.63220408,3980,4.490002066,7872.523526,13915,5
Daniel Robert,dana59@hotmail.com,9376932580,25.99933367,3673,13.01067436,1367,3.859817999,7802.001605,5040,4
Brian Williams,bwilliams@hotmail.com,4687434633,21.86117505,8593,10.03141496,4826,3.046620189,6378.518002,13419,5
White Taylor,whitetyler@anderson-avery.com,7271719524,20.81043451,307,10.83843244,1281,4.652854446,6329.77339,1588,5
Ryan Williams,rwilliams@trujillo.biz,8396168576,22.96761259,3605,18.28943724,7960,4.02210291,8251.409967,11565,4
Random Smith,randall85@williams.com,3655797563,20.3278313,3568,15.61850894,461,3.969417759,7189.268049,4029,5
Kevin Wright,kevin45@mathews.net,9823184470,26.17257438,7898,18.14775647,8836,3.738225173,8864.066171,16734,3
Deb Chowdhury,deborah48@white.com,4568306516,26.49266757,3819,11.68056675,7166,3.3766875,7634.646863,10985,4
Haughan Richard,hoganrichard@george.com,4346878982,29.95876926,1386,11.80788032,1088,4.595522709,8353.329916,2474,4
Kelly Petersen,kelly24@lewis.info,7140050097,24.0297982,391,10.64949444,5077,2.223993458,6935.858528,5468,4
Katherine Grey,katherinegray@yahoo.com,7697139092,25.08375792,462,11.28732156,1873,4.288486771,7274.215898,2335,3
Evan Foster,efoster@williamson-boyd.org,8847435764,24.00610145,2168,15.40390697,6051,2.117382542,7882.001684,8219,5
David Jordan,jordandavid@gmail.com,3442383228,22.5978815,6588,11.1924768,492,0.936497597,6758.071661,7080,3
Amber Sanchez,sanchezamber@scott-patterson.com,5355998817,21.71366832,7585,14.99162557,2789,3.762070443,7341.058779,10374,4
Tina Young,tinayoung@hotmail.com,7107432598,29.15323225,5780,12.03754195,2822,4.000963586,8238.154839,8602,5
Alicia Das,alicia28@fuller.com,9032079783,25.49394735,8361,18.93097701,150,3.532517165,8884.984872,8511,3
Alexandro Horton,rileyalejandro@gmail.com,2220815414,21.73535268,6472,16.64813652,4250,3.535088428,7676.69784,10722,3
Olivia Marshall,oliviamarshall@sawyer-sellers.com,8627264162,26.91184338,3488,13.99187078,3449,4.158214653,8180.742833,6937,5
Robert Horton,hortonrobert@hotmail.com,8484363539,27.80629243,1824,18.88205222,1581,3.549036057,9337.668928,3405,4
Montague Horton,montgomerycheyenne@hotmail.com,4687447729,29.99716939,9328,18.86388095,1312,4.129254688,9772.210068,10640,3
Christie Martin,martinkristi@sanchez-coleman.com,7054294325,23.27283921,7482,18.67492859,1964,2.252445963,8389.55356,9446,5
Jeffery Campbell,jefferycampbell@gmail.com,2555116037,22.90567177,2354,16.17583755,8710,4.051382465,7816.301864,11064,4
Tom Weber,webertom@phelps.com,7884616553,22.27356206,8370,10.62575684,4575,3.072076141,6579.863779,12945,3
Schmidt Wright,aschmidt@johnson.biz,9835523748,24.01424902,124,13.77845488,7896,4.331863027,7558.540778,8020,5
Lisa Ericson,lisadelgado@gmail.com,1053310653,27.52056335,1582,16.0739153,5320,3.937862643,8718.89573,6902,4
Sharon Grave,sharongraves@yahoo.com,9474337072,24.66972333,9820,13.73801674,2108,0.26990109,7681.548015,11928,4
Flevine Peterson,flevine@gmail.com,1863270811,25.18574742,6711,15.04805946,1586,3.27946626,8046.761375,8297,4
Ryan Skinner,rskinner@johnson-jefferson.com,1805001992,24.52940683,1777,15.70761485,2182,2.571777835,8047.404336,3959,5
Kiara Kim,kiarakim@harris.org,9049923942,21.78289744,7685,19.4546608,5553,3.826030618,8247.511648,13238,3
Rachel Rodriguez,rachelrodriguez@lara-waters.com,8767374375,20.3851833,469,10.50922469,8132,2.402453833,6178.881598,8601,4
David Brown,dbrown@gmail.com,8112700524,21.58221573,4656,18.73828271,5324,4.027813842,8064.099688,9980,5
Mary Williamson,mary45@gmail.com,5710147453,28.30080721,7592,12.28906369,7697,3.629339915,8117.97418,15289,5
Marcus Leach,marcusleach@floyd.org,5771548622,23.63449564,6359,10.56799806,1099,3.189609942,6840.49874,7458,5
Louis Peterson,lmunoz@yahoo.com,1856678755,29.87589516,5048,18.93404467,4324,3.393975043,9761.987967,9372,4
David Squirrel,dvasquez@wiley.com,9393534274,23.77311007,9464,16.13124571,5166,2.57494847,7980.871156,14630,4
Dylan Martin,dylanmartin@hotmail.com,3579919444,22.45518606,2125,19.04555089,7509,3.47202138,8300.14739,9634,3
Xavier Kaufman,xkaufman@gmail.com,4953811870,27.64084133,5984,19.80000097,9156,4.198349061,9488.168461,15140,3
Jason Hensley,jasonhensley@yahoo.com,5541259091,24.62586862,3284,13.82482222,9958,2.086348147,7690.138168,13242,5
Gwayne Strong,gstrong@hotmail.com,7265981323,26.70886431,8188,13.30729605,119,3.605933918,8003.232073,8307,3
Arnold Samuel,arnoldsamuel@wilson.com,7718774563,27.89489138,1612,13.41965891,954,4.03438613,8262.910057,2566,3
Scott Rose,scottrose@yahoo.com,5709849211,22.34513679,3054,16.3412802,1798,2.32055025,7737.283398,4852,5
Salazar Karen,salazarkaren@hotmail.com,4732680492,20.52689087,2817,18.58065855,1409,3.491093337,7821.509884,4226,5
Susan Roberson,susanibarra@yahoo.com,3939680023,28.42299267,1550,12.49199596,671,5.320093864,8182.997727,2221,3
Henry Nike,nhenry@hotmail.com,9830660384,24.85307084,3789,10.42287798,6900,3.130538462,7055.189763,10689,4
Miller Rachel,millerrachel@gallagher-nichols.com,1702096954,24.45636172,7867,12.03731163,8774,4.985204971,7298.734671,16641,4
Garcia Kevin,garciakevin@gmail.com,4866380059,26.00060271,8367,12.50037195,250,1.726962043,7700.194932,8617,5
Phillip Roberson,philliproberson@yahoo.com,7625507749,29.38686204,7740,17.93860203,1636,3.701622287,9465.092815,9376,3
Kevin Stafford,kstafford@estes-nguyen.com,2225983352,21.1248684,9849,13.70988827,7091,1.785173945,6966.951334,16940,3
Kenneth Perry,kennethperry@bowen.org,6008976696,20.74167186,1164,15.93635352,180,3.02267576,7335.605077,1344,3
Russell Paul,prussell@lopez.com,2570413950,27.97251615,9213,10.62426234,1676,4.041244969,7719.355698,10889,3
Jacob Mosley,mosleyjacob@yahoo.com,5539290342,22.31362876,5742,12.70000953,9717,3.139526935,7002.727659,15459,5
Ryan Harris,rhaas@yahoo.com,4460402022,23.54579574,5130,15.75705234,3733,2.562818811,7860.569618,8863,5
Antonio Harris,antonioharris@hotmail.com,4068859014,21.33099909,4170,11.64967004,7631,2.379076497,6596.133824,11801,3
Thomas Austin,austinthomas@gmail.com,6406526008,25.65603751,2896,14.54162463,2468,4.301996499,8039.53243,5364,5
Beth Sullivan,bethsullivan@reed.net,4730844496,21.45746478,699,16.43646109,7321,2.094761669,7578.785176,8020,5
Norburd Cummings,ncummings@yahoo.com,1259943392,22.3778791,984,14.07241564,681,4.089330841,7290.058949,1665,4
Herbert King,hking@hotmail.com,1148657332,29.91525859,3589,14.9602533,3643,3.516051017,8975.102378,7232,3
Annabela Stone,annstone@hotmail.com,3546133916,29.00987971,2255,10.97615014,6202,1.820810618,7997.20597,8457,3
Christopher Gomez,christopher44@hotmail.com,5915771295,21.85649077,5973,11.72870962,2897,4.183143662,6717.040077,8870,3
Autumn Wright,autumn88@mendoza-mills.com,1056088500,24.68101597,6830,11.0081234,6707,3.393902788,7137.827874,13537,3
David Hudson,dhudson@ramos.net,1242385490,23.24892178,8430,18.58861768,1550,4.426364081,8367.507892,9980,5
Selena Gomez,egomez@hotmail.com,3035513970,28.18307274,3327,19.58328114,1542,2.905238361,9553.270776,4869,3
Kimberly Ruiz,kimberlyruiz@smith-gordon.com,6562284285,26.10356348,7701,13.47467026,4392,2.782757828,7915.646747,12093,4
Moore Michelle,mooremichelle@logan.com,5364345710,21.63928531,9262,13.58738559,8386,3.447017793,7045.334181,17648,4
Aaron Finch,aaron22@gmail.com,9228170010,29.80664221,6301,15.99789618,2994,4.712233579,9160.907679,9295,5
Michelle Shephard,michelleshepherd@price.com,4228102964,21.82193333,1016,15.02437603,9848,1.228112423,7369.261871,10864,5
Javier Scott,zscott@wright.com,8878890519,22.61727482,8279,16.10034689,4105,4.019051427,7743.524343,12384,3
Tracy Wilson,tracy79@wheeler.net,4399621104,21.30227082,4197,18.68429361,4345,1.707389729,7997.312886,8542,3
Brian Sanchez,brian28@sanchez.org,8775665887,22.21435556,8039,11.0346597,6328,3.163091931,6649.803053,14367,5
Leonard Hancock,leonardhancock@hotmail.com,2107428363,29.08888223,4471,15.1419953,9091,3.447092896,8846.175506,13562,3
Davidson Kathleen,davidsonkathleen@gmail.com,9651785824,25.96847458,7403,12.02160083,3047,2.208813678,7598.015082,10450,5
Nathan Bolt,nathan84@lowery.net,9118322897,25.37583718,2017,16.79163771,3731,5.41235784,8433.494978,5748,3
Kelly Wright,kellydeborah@chan.biz,9523075092,24.75296713,4899,15.62653553,1299,2.768851943,8075.900533,6198,4
Jessica Lewis,lewisjessica@craig-evans.com,2938951583,29.47836743,201,10.21750863,8526,3.746572973,7939.175212,8727,3
Katrina Kaif,katrina56@gmail.com,1810163196,25.15256528,1374,19.75135683,2950,3.576525915,8980.784423,4324,5
Dale Stein,dale88@hotmail.com,2751936173,26.41298557,8490,19.89708393,7827,4.958264473,9262.013901,16317,4
Christofer Wilson,cwilson@hotmail.com,5175585593,25.70336985,9243,12.82188876,845,2.336484668,7705.051722,10088,4
Hannah Wilson,hannahwilson@davidson.com,8332497042,23.86366926,8194,19.67740479,6095,2.735159567,8708.214811,14289,4
